ID	start	end	num.probes	seg.median	chrom	chrom.pos.start	chrom.pos.end	cytoband.start	cytoband.end	abs.pos.start	abs.pos.end	segmedian	segmad	mediandev	segerr	centerz	marginalprob	maxz	maxzmean	maxzsigma	samplesize	negtail
hT30	1	815	815	1.11544798917027	1	15000	12955492	p36.33	p36.21	15000	12955492	1.11544798917027	0.373486359503182	0.998867975521611	0.0171305868455933	5.94273730554106e-31	7.33236193673391e-37	1	0.64531201065033	0.0772835154208952	2363	0.99974183067413
hT30	816	1280	465	0.133000584643766	1	12979650	21902347	p36.21	p36.12	12979650	21902347	0.133000584643766	0.360312808903236	0.016420570995107	0.0245749641317462	0.999999999998776	0.39238353176308	0.999999999998776	0	0.0772835154208952	3427	0.797583349305243
hT30	1281	1788	508	-1.20425244172298	1	21926100	31887505	p36.12	p35.2	21926100	31887505	-1.20425244172299	0.423725403743593	-1.32083245537164	0.0346913661142043	0	0	1	-1.31530384084998	0.0772835154208952	3069	8.28614332506902e-05
hT30	1789	3419	1631	0.12837868630679	1	32042850	103540350	p35.2	p21.1	32042850	103540350	0.12837868630679	0.369012105979377	0.011798672658131	0.0120519018812264	0.999999999999337	0.427418452719753	0.999999999999337	0	0.0772835154208952	427	0.782381405894967
hT30	3420	3436	17	2.41575773572912	1	104114250	104166600	p21.1	p21.1	104114250	104166600	2.41575773572912	0.35343205484567	2.29917772208046	0.0895938186565477	0	0	1	0.64531201065033	0.0772835154208952	584143	1
hT30	3437	3888	452	0.142102791655665	1	104203050	120611700	p21.1	p11.2	104203050	120611700	0.142102791655665	0.333903563589463	0.025522778007006	0.0213728356609613	0.999999999999083	0.379042973194974	0.999999999999083	0	0.0772835154208952	1863	0.831342521582786
hT30	3889	4072	184	-0.034589391926272	1	120612006	148023040	p11.2	q21.2	120612006	148023040	-0.034589391926272	0.440163162377396	-0.151169405574931	0.034621417689736	0.999926135117292	0.0288085545685558	0.999926135117292	0	0.0772835154208952	1115	0.0657041175016192
hT30	4073	4363	291	0.122481123508196	1	148193550	152187900	q21.2	q21.3	148193550	152187900	0.122481123508196	0.420700538384039	0.005901109859537	0.0343566996958408	0.999999999987497	0.360025285740741	0.999999999987497	0	0.0772835154208952	7655	0.74886139564177
hT30	4364	4469	106	0.655809465535301	1	152188350	152777868	q21.3	q21.3	152188350	152777868	0.655809465535302	0.37546163810283	0.539229451886643	0.0348842388788715	1.57502246261743e-05	1.90932218391699e-09	0.999984249775374	0.64531201065033	0.0772835154208952	51873	0.997379675667196
hT30	4470	7293	2824	0.112432547423768	1	152785170	249211925	q21.3	q44	152785170	249211925	0.112432547423769	0.380354759351794	-0.0041474662248905	0.00731458763240431	0.999999999997756	0.463380452479404	0.999999999997756	0	0.0772835154208952	317	0.724037378433177
hT30	7294	12065	4772	0.109089594673681	2	41868	242841399	p25.3	q37.3	249292489	492092020	0.109089594673681	0.371423335389774	-0.0074904189749775	0.00720389625157343	0.999999999996858	0.440956681624466	0.999999999996858	0	0.0772835154208952	125	0.704970348247627
hT30	12066	15683	3618	0.120834342691849	3	2787338	195464489	p26.3	q29	495237332	687914483	0.120834342691849	0.369162414102538	0.00425432904319001	0.00730394078649611	0.999999999998816	0.469313365894058	0.999999999998816	0	0.0772835154208952	158	0.746301873300755
hT30	15684	15711	28	2.27287936319233	3	195481129	195514050	q29	q29	687931123	687964044	2.27287936319233	0.375031486295066	2.15629934954367	0.0908211550780292	0	0	1	0.64531201065033	0.0772835154208952	928877	1
hT30	15712	15817	106	-0.00641823014695176	3	195515025	197894850	q29	q29	687965019	690344844	-0.00641823014695175	0.417178290175787	-0.122998243795611	0.0468306460169919	0.99997925258211	0.0790085146042193	0.99997925258211	0	0.0772835154208952	12849	0.1124078997129
hT30	15818	17931	2114	-0.424921061734603	4	53360	190876278	p16.3	q35.2	690525784	881348702	-0.424921061734603	0.406224434952356	-0.541501075383262	0.0110472999280688	3.25439941661898e-11	1.42749439894637e-12	0.999999999967456	-0.573850999387186	0.0772835154208952	160	0.000185252363348725
hT30	17932	20921	2990	0.0948015252540978	5	140532	180687212	p15.33	q35.3	881767232	1062313912	0.0948015252540978	0.371754929395239	-0.0217784883945612	0.00647887821216855	0.999999999989116	0.380975448119855	0.999999999989116	0	0.0772835154208952	169	0.585569323025725
hT30	20922	21361	440	0.0186881867957731	6	292500	26638417	p25.3	p22.2	1062834460	1089180377	0.0186881867957732	0.376274625134724	-0.0978918268528858	0.0226085990927725	0.999999951665108	0.129594311352125	0.999999951665108	0	0.0772835154208952	1160	0.161911007024413
hT30	21362	21966	605	0.222404789901416	6	27100252	32065863	p22.1	p21.33	1089642212	1094607823	0.222404789901416	0.369801910761269	0.105824776252757	0.0156555815544241	0.999999999936424	0.0927645832801298	0.999999999936424	0	0.0772835154208952	6158	0.922412815964897
hT30	21967	24330	2364	0.0759350766721716	6	32086943	170893464	p21.33	q27	1094628903	1233435424	0.0759350766721716	0.349100108562182	-0.0406449369764874	0.00619586833395601	0.99999999992154	0.284406292002303	0.99999999992154	0	0.0772835154208952	220	0.461619312654169
hT30	24331	26224	1894	0.127913058084118	7	31200	100486650	p22.3	q22.1	1233688227	1334143677	0.127913058084118	0.397795071914618	0.011333044435459	0.0100057143384814	0.999999999999321	0.443700602989988	0.999999999999321	0	0.0772835154208952	304	0.777792559639458
hT30	26225	26322	98	0.929770838305882	7	100488000	100687050	q22.1	q22.1	1334145027	1334344077	0.929770838305882	0.613763390910876	0.813190824657223	0.080103508785738	2.73450950771803e-10	6.34441955087277e-13	0.99999999972655	0.64531201065033	0.0772835154208952	153631	0.999416185465453
hT30	26323	27492	1170	0.1161873002331	7	100692224	158937072	q22.1	q36.3	1334349251	1392594099	0.1161873002331	0.404932407510373	-0.000392713415558993	0.0125791316629476	0.999999999997939	0.45337547953291	0.999999999997939	0	0.0772835154208952	525	0.736300708359476
hT30	27493	28322	830	-0.452421373172096	8	116700	48921000	p23.3	q11.21	1392912390	1441716690	-0.452421373172096	0.400899899755285	-0.569001386820755	0.0151712835941554	5.01472641190048e-12	2.29259998519739e-13	0.999999999994985	-0.573850999387186	0.0772835154208952	626	0.000171041809606627
hT30	28323	29717	1395	0.146126618284747	8	52320853	146278050	q11.22	q24.3	1445116543	1539073740	0.146126618284747	0.356089154512589	0.029546604636088	0.0116043499191901	0.999999999999827	0.381506128111762	0.999999999999827	0	0.0772835154208952	325	0.847822283161397
hT30	29718	30540	823	-0.481883537572561	9	15900	69423600	p24.3	q21.11	1539175612	1608583312	-0.481883537572561	0.38314234216736	-0.59846355122122	0.0164355824677658	5.05906427861191e-13	2.33938773999734e-14	0.999999999999495	-0.573850999387186	0.0772835154208952	440	0.000170754829447939
hT30	30541	30549	9	-1.76857040633461	9	69423900	70489950	q21.11	q21.11	1608583612	1609649662	-1.76857040633461	0.698518677087108	-1.88515041998327	0.416063024871883	0	0	1	-1.31530384084998	0.0772835154208952	28685	2.98575125036292e-05
hT30	30550	30912	363	-0.364992821849984	9	70914000	95610600	q21.11	q22.31	1610073712	1634770312	-0.364992821849984	0.397751504447208	-0.481572835498643	0.0180602293854082	9.68236008702661e-09	2.27093725472501e-10	0.999999990317639	-0.573850999387186	0.0772835154208952	1238	0.000185252363348725
hT30	30913	30923	11	1.03738303520341	9	95646900	95738781	q22.31	q22.31	1634806612	1634898493	1.03738303520341	0.514965094156109	0.920803021554751	0.194814652782054	7.79891706770286e-13	4.67877547999467e-15	0.99999999999922	0.64531201065033	0.0772835154208952	332823	0.999728999659124
hT30	30924	32848	1925	-0.490793497026285	9	95739000	141109800	q22.31	q34.3	1634898712	1680269512	-0.490793497026285	0.371564012840041	-0.607373510674944	0.0114667491604475	6.02540239924565e-14	2.8072652879968e-15	0.99999999999994	-0.573850999387186	0.0772835154208952	674	0.000170754829447939
hT30	32849	35514	2666	0.208253486355485	10	93150	135440100	p15.3	q26.3	1680466293	1815813243	0.208253486355485	0.385678021426488	0.091673472706826	0.00831957274540925	0.99999999999691	0.127523260999686	0.99999999999691	0	0.0772835154208952	225	0.918161762622063
hT30	35515	35707	193	-0.0579104557952652	11	134550	993976	p15.5	p15.5	1816042440	1816901866	-0.0579104557952652	0.47103299569494	-0.174490469443924	0.0407770880678115	0.998962887654914	0.0200389298339784	0.998962887654914	0	0.0772835154208952	35582	0.0472942120047316
hT30	35708	35715	8	1.52506626053265	11	1016100	1018163	p15.5	p15.5	1816923990	1816926053	1.52506626053265	0.432567114808968	1.40848624688399	0.162515331590131	0	0	1	0.64531201065033	0.0772835154208952	14816139	0.999884761377609
hT30	35716	39972	4257	0.121449942450262	11	1018436	134253750	p15.5	q25	1816926326	1950161640	0.121449942450262	0.372735559655568	0.004869928801603	0.00575688085534091	0.999999999999102	0.474528572723968	0.999999999999102	0	0.0772835154208952	229	0.747582167294269
hT30	39973	43306	3334	-0.462145820970088	12	89850	133810880	p13.33	q24.33	1951004256	2084725286	-0.462145820970087	0.406572422900856	-0.578725834618746	0.00694750654846849	6.99174051987939e-13	3.18156732639638e-14	0.999999999999302	-0.573850999387186	0.0772835154208952	228	0.000171041809606627
hT30	43307	44368	1062	-0.428214602371313	13	19239450	115091700	q11	q34	2104005751	2199858001	-0.428214602371313	0.385628277991757	-0.544794616019972	0.0183651394651949	4.64501681562979e-11	1.94543484458178e-12	0.999999999953549	-0.573850999387186	0.0772835154208952	319	0.000185252363348725
hT30	44369	46776	2408	-0.466414735157817	14	19377900	105996000	q11.2	q32.33	2219314079	2305932179	-0.466414735157818	0.412551432229223	-0.582994748806477	0.0105286172214707	6.28688212600537e-13	2.99441630719659e-14	0.999999999999371	-0.573850999387186	0.0772835154208952	353	0.000171041809606627
hT30	46777	46786	10	1.34444942998225	15	20739758	22473000	q11.2	q11.2	2328025477	2329758719	1.34444942998225	0.434877849903655	1.2278694163336	0.138642951730902	0	0	1	0.64531201065033	0.0772835154208952	17643	0.999759531588081
hT30	46787	49195	2409	-0.453037108546966	15	22742400	102462585	q11.2	q26.3	2330028119	2409748304	-0.453037108546966	0.392221868393246	-0.569617122195625	0.00956503475796525	2.20325091504492e-12	1.02933060559883e-13	0.999999999997796	-0.573850999387186	0.0772835154208952	383	0.000171041809606627
hT30	49196	53091	3896	-0.461406838297614	16	67050	90128400	p13.3	q24.3	2409884161	2499945511	-0.461406838297614	0.404957325424542	-0.577986851946273	0.00695977313509298	7.59428075980395e-13	3.55586936479595e-14	0.999999999999241	-0.573850999387186	0.0772835154208952	339	0.000171041809606627
hT30	53092	54173	1082	-0.47562165240149	17	31050	10101600	p13.3	p13.1	2500202914	2510273464	-0.47562165240149	0.408978438054821	-0.592201666050149	0.0173271581365699	4.61568561149761e-13	2.24581223039744e-14	0.99999999999954	-0.573850999387186	0.0772835154208952	3036	0.000170754829447939
hT30	54174	54353	180	-0.0583363319826397	17	10204950	16075200	p13.1	p11.2	2510376814	2516247064	-0.0583363319826398	0.51250380662325	-0.174916345631299	0.0380145258825481	0.988178617994482	0.0142590484299789	0.988178617994482	0	0.0772835154208952	5209	0.0470643548280627
hT30	54354	55507	1154	-0.464300880191788	17	16120650	39118800	p11.2	q21.2	2516292514	2539290664	-0.464300880191788	0.383036167008478	-0.580880893840446	0.0123636739472782	7.58291207603179e-13	3.46229385519606e-14	0.999999999999242	-0.573850999387186	0.0772835154208952	1329	0.000171041809606627
hT30	55508	55617	110	0.114335487760792	17	39122850	39596969	q21.2	q21.2	2539294714	2539768833	0.114335487760792	0.306442059425137	-0.002244525887867	0.034008320838616	0.999999999651692	0.380323398123328	0.999999999651692	0	0.0772835154208952	64499	0.727664121515744
hT30	55618	58017	2400	-0.484346593965444	17	39619219	81052130	q21.2	q25.3	2539791083	2581223994	-0.484346593965443	0.409568118918527	-0.600926607614102	0.00918686561119256	1.20508047984913e-13	4.67877547999467e-15	0.999999999999882	-0.573850999387186	0.0772835154208952	738	0.000170754829447939
hT30	58018	58987	970	-0.407069437386771	18	48000	77918400	p11.32	q23	2581415074	2659285474	-0.407069437386771	0.354315971403159	-0.52364945103543	0.0130775485644878	2.93241555482382e-10	1.04374123407721e-11	0.999999999706756	-0.573850999387186	0.0772835154208952	392	0.000185252363348725
hT30	58988	60940	1953	-0.407430552358274	19	110700	14694150	p13.3	p13.12	2659555022	2674138472	-0.407430552358274	0.379947187195764	-0.524010566006933	0.0117805263259306	2.37048425333342e-10	8.80451969825397e-12	0.999999999762952	-0.573850999387186	0.0772835154208952	2096	0.000185252363348725
hT30	60941	61122	182	0.493804680892547	19	14703150	16060572	p13.12	p13.12	2674147472	2675504894	0.493804680892547	0.366905270459119	0.377224667243888	0.0378371583236279	0.133834483133078	3.04285344638687e-06	0.866165516866923	0.64531201065033	0.0772835154208952	22528	0.994528443815574
hT30	61123	61574	452	0.0496762940091511	19	16129800	19751250	p13.12	p13.11	2675574122	2679195572	0.0496762940091511	0.351465326860354	-0.0669037196395079	0.0188403692691218	0.999999996508861	0.188639736877773	0.999999996508861	0	0.0772835154208952	8444	0.27461262393181
hT30	61575	61593	19	0.444548347202992	19	19756500	19823850	p13.11	p13.11	2679200822	2679268172	0.444548347202992	0.366932795846918	0.327968333554333	0.122616495288257	0.572589297937244	0.0402548070644651	0.572589297937244	0	0.0772835154208952	454046	0.993093770846968
hT30	61594	62989	1396	0.79739966343371	19	19905900	43016550	p13.11	q13.2	2679350222	2702460872	0.79739966343371	0.383433758376314	0.680819649785051	0.0130979412425782	1.13686837721616e-15	0	1	0.64531201065033	0.0772835154208952	1323	0.998332286879827
hT30	62990	63236	247	1.10326788987611	19	43023255	44981550	q13.2	q13.31	2702467577	2704425872	1.10326788987611	0.390468331884699	0.986687876227451	0.0281268276186924	0	0	1	0.64531201065033	0.0772835154208952	15615	0.999729246384888
hT30	63237	64160	924	0.71395275994944	19	44982121	52249672	q13.31	q13.41	2704426443	2711693994	0.71395275994944	0.363148556392671	0.597372746300781	0.0142195957723341	2.63298716163263e-12	1.68435917279808e-14	0.999999999997367	0.64531201065033	0.0772835154208952	4207	0.997699959454733
hT30	64161	64433	273	1.17670196686689	19	52250071	53995371	q13.41	q13.42	2711694393	2713439693	1.17670196686689	0.400873557003241	1.06012195321823	0.0334992898773782	0	0	1	0.64531201065033	0.0772835154208952	17521	0.999759209814521
hT30	64434	65288	855	0.878658251715721	19	54080067	59082725	q13.42	q13.43	2713524389	2718527047	0.878658251715721	0.335179166186018	0.762078238067062	0.014367020143199	0	0	1	0.64531201065033	0.0772835154208952	6112	0.998951921220899
hT30	65289	67245	1957	0.495872964408866	20	76915	62871618	p13	q13.33	2718650220	2781444923	0.495872964408866	0.360931446078541	0.379292950760207	0.0125033217199912	0.0211929745564294	6.04546769437036e-07	0.978807025443568	0.64531201065033	0.0772835154208952	486	0.994592412333877
hT30	67246	67980	735	-0.413879039978294	21	10614600	48079129	p11.2	q22.3	2792213425	2829677954	-0.413879039978294	0.424729529383087	-0.530459053626953	0.0235712541800899	3.66419499187032e-10	1.23847186955459e-11	0.99999999963358	-0.573850999387186	0.0772835154208952	816	0.000185252363348725
hT30	67981	69846	1866	-0.459541535013913	22	16123050	51216386	q11.1	q13.33	2845851770	2880945106	-0.459541535013913	0.384150993450921	-0.576121548662572	0.0109711953054769	1.78033587872051e-12	8.23464484479062e-14	0.999999999998221	-0.573850999387186	0.0772835154208952	871	0.000171041809606627
hT30	69847	70553	707	-1.3105927667325	X	215850	49143300	p22.33	p11.23	2881249136	2930176586	-1.3105927667325	0.428112771864653	-1.42717278038116	0.0203823404346204	0	0	1	-1.31530384084998	0.0772835154208952	625	5.99473625217846e-05
hT30	70554	70563	10	-2.58161413920864	X	49161750	49237650	p11.23	p11.23	2930195036	2930270936	-2.58161413920865	0.919049360908124	-2.6981941528573	0.341645134956338	0	0	1	-1.31530384084998	0.0772835154208952	402899	1.80473764380006e-05
hT30	70564	72063	1500	-1.32716475744511	X	49354500	155003850	p11.23	q28	2930387786	3036037136	-1.32716475744511	0.430263175815332	-1.44374477109377	0.0133930805851717	0	0	1	-1.31530384084998	0.0772835154208952	289	5.99473625217846e-05
